pizza_id,order_id,pizza_name_id,quantity,order_date,order_time,unit_price,total_price,pizza_size,pizza_category,pizza_ingredients,pizza_name
1.00,1.00,hawaiian_m,1.00,2/1/2015,11:38:36,13.25,13.25,M,Classic,"Sliced Ham, Pineapple, Mozzarella Cheese",The Hawaiian Pizza
2.00,2.00,classic_dlx_m,1.00,1/1/2015,11:57:40,16.00,16.00,M,Classic,"Pepperoni, Mushrooms, Red Onions, Red Peppers, Bacon",The Classic Deluxe Pizza
3.00,2.00,five_cheese_l,1.00,1/1/2015,11:57:40,18.50,18.50,L,Veggie,"Mozzarella Cheese, Provolone Cheese, Smoked Gouda Cheese, Romano Cheese, Blue Cheese, Garlic",The Five Cheese Pizza
3.00,2.00,five_cheese_l,1.00,3/1/2015,11:57:40,18.50,18.50,L,Veggie,"Mozzarella Cheese, Provolone Cheese, Smoked Gouda Cheese, Romano Cheese, Blue Cheese, Garlic",The Five Cheese Pizza
3.00,2.00,five_cheese_l,1.00,3/1/2015,11:57:40,18.50,18.50,L,Veggie,"Mozzarella Cheese, Provolone Cheese, Smoked Gouda Cheese, Romano Cheese, Blue Cheese, Garlic",The Five Cheese Pizza
3.00,2.00,five_cheese_l,1.00,3/1/2015,11:57:40,18.50,18.50,L,Veggie,"Mozzarella Cheese, Provolone Cheese, Smoked Gouda Cheese, Romano Cheese, Blue Cheese, Garlic",The Five Cheese Pizza
3.00,2.00,five_cheese_l,1.00,3/1/2015,11:57:40,18.50,18.50,L,Veggie,"Mozzarella Cheese, Provolone Cheese, Smoked Gouda Cheese, Romano Cheese, Blue Cheese, Garlic",The Five Cheese Pizza
3.00,2.00,five_cheese_l,1.00,1/1/2015,11:57:40,18.50,18.50,L,Veggie,"Mozzarella Cheese, Provolone Cheese, Smoked Gouda Cheese, Romano Cheese, Blue Cheese, Garlic",The Five Cheese Pizza
3.00,2.00,five_cheese_l,1.00,1/1/2015,11:57:40,18.50,18.50,L,Veggie,"Mozzarella Cheese, Provolone Cheese, Smoked Gouda Cheese, Romano Cheese, Blue Cheese, Garlic",The Five Cheese Pizza
3.00,2.00,five_cheese_l,1.00,1/1/2015,11:57:40,18.50,18.50,L,Veggie,"Mozzarella Cheese, Provolone Cheese, Smoked Gouda Cheese, Romano Cheese, Blue Cheese, Garlic",The Five Cheese Pizza
3.00,2.00,five_cheese_l,1.00,1/1/2015,11:57:40,18.50,18.50,L,Veggie,"Mozzarella Cheese, Provolone Cheese, Smoked Gouda Cheese, Romano Cheese, Blue Cheese, Garlic",The Five Cheese Pizza
3.00,2.00,five_cheese_l,1.00,1/1/2015,11:57:40,18.50,18.50,L,Veggie,"Mozzarella Cheese, Provolone Cheese, Smoked Gouda Cheese, Romano Cheese, Blue Cheese, Garlic",The Five Cheese Pizza
3.00,2.00,five_cheese_l,1.00,1/1/2015,11:57:40,18.50,18.50,L,Veggie,"Mozzarella Cheese, Provolone Cheese, Smoked Gouda Cheese, Romano Cheese, Blue Cheese, Garlic",The Five Cheese Pizza
3.00,2.00,five_cheese_l,1.00,1/1/2015,11:57:40,18.50,18.50,L,Veggie,"Mozzarella Cheese, Provolone Cheese, Smoked Gouda Cheese, Romano Cheese, Blue Cheese, Garlic",The Five Cheese Pizza